country,iso2c,iso3c,year,GDPpc,Life,Gini,CO2pc
Brazil,BR,BRA,2015,14821.4383174534,75.106,51.9,2.56818858918394
Brazil,BR,BRA,2016,14309.2061489274,75.081,53.4,2.37533549789759
Brazil,BR,BRA,2017,14559.0488897004,75.383,53.3,2.41694955353585
Brazil,BR,BRA,2018,15463.7426393889,75.633,53.9,2.28562350357953
Brazil,BR,BRA,2019,16069.8380152627,75.809,53.5,2.25869881785082
Brazil,BR,BRA,2020,16101.6183063466,74.506,48.8,2.1466461829
Brazil,BR,BRA,2021,18075.7060049068,73.038,52.9,2.41580858865319
Brazil,BR,BRA,2022,19873.7032623309,74.872,51.9,2.27889577215227
Brazil,BR,BRA,2023,21193.0721417478,75.848,51.5,2.27447826989363
Costa Rica,CR,CRI,2015,17525.1404835991,80.407,48.4,1.61015749564449
Costa Rica,CR,CRI,2016,19201.7453161516,79.988,48.7,1.69149442839303
Costa Rica,CR,CRI,2017,20499.3442145104,79.994,48.3,1.70887391193112
Costa Rica,CR,CRI,2018,21548.8700973441,80.09,48,1.70246265595066
Costa Rica,CR,CRI,2019,23461.2875330597,80.296,48.2,1.63874650393745
Costa Rica,CR,CRI,2020,22245.432879344098,79.725,49.2,1.42529676301864
Costa Rica,CR,CRI,2021,24083.5988182437,78.05,48.7,1.59152551349924
Costa Rica,CR,CRI,2022,26891.9730070246,79.316,47.2,1.61315999460817
Costa Rica,CR,CRI,2023,29247.8937202355,80.799,46.7,1.58608566210135
Ethiopia,ET,ETH,2015,1632.61818006837,63.592,35,0.130068091316854
Ethiopia,ET,ETH,2016,1857.54946515224,64.162,NA,0.15021997848876
Ethiopia,ET,ETH,2017,2004.74755633129,64.766,NA,0.144744318001779
Ethiopia,ET,ETH,2018,2095.3175782979,65.257,NA,0.155059082147088
Ethiopia,ET,ETH,2019,2242.44488312932,65.741,NA,0.159693432847017
Ethiopia,ET,ETH,2020,2406.78938480121,65.969,NA,0.151498089800296
Ethiopia,ET,ETH,2021,2588.41310213778,65.33,31.1,0.156331429015701
Ethiopia,ET,ETH,2022,2844.47188098448,66.897,NA,0.146229646781817
Ethiopia,ET,ETH,2023,3063.42789983124,67.315,NA,0.147767891652244
Germany,DE,DEU,2015,48567.1117562648,80.6414634146341,31.4,9.60884887243027
Germany,DE,DEU,2016,51555.3799963446,80.990243902439,31.3,9.58423383867929
Germany,DE,DEU,2017,54142.7414864571,80.9926829268293,31.3,9.36976518940283
Germany,DE,DEU,2018,56320.6026829454,80.8926829268293,31.9,9.00657809367265
Germany,DE,DEU,2019,59310.9693966204,81.2926829268293,32.2,8.38218043063623
Germany,DE,DEU,2020,58704.5861986404,81.0414634146342,32.5,7.72103264767393
Germany,DE,DEU,2021,62630.7748127737,80.790243902439,33.6,8.06128144646434
Germany,DE,DEU,2022,69669.6495435563,80.6080487804878,33.7,7.91182860265874
Germany,DE,DEU,2023,72262.2235142279,81.0414634146342,NA,7.07982839106762
India,IN,IND,2015,5269.11774528716,69.326,NA,1.71550269097521
India,IN,IND,2016,5633.77275665841,69.709,NA,1.7202923565219
India,IN,IND,2017,5968.11490280172,70.068,NA,1.79545339877531
India,IN,IND,2018,6521.97490856972,70.415,NA,1.85989309419052
India,IN,IND,2019,6945.40309824538,70.746,NA,1.83688223212799
India,IN,IND,2020,6766.06119055994,70.156,NA,1.68040016064392
India,IN,IND,2021,7818.65701757504,67.282,NA,1.83702951699406
India,IN,IND,2022,8941.09277447514,71.698,25.5,1.96929618962877
India,IN,IND,2023,9853.04309264591,72.003,NA,2.09622858892568
Japan,JP,JPN,2015,41722.3895623635,83.7939024390244,30.7,9.69456115651128
Japan,JP,JPN,2016,41462.5069772969,83.9848780487805,31.8,9.66865261733136
Japan,JP,JPN,2017,42346.876013211,84.099756097561,31.8,9.55283290804272
Japan,JP,JPN,2018,43090.0699981402,84.2109756097561,32.9,9.17213648658239
Japan,JP,JPN,2019,43743.5313931194,84.3563414634146,33,8.87456666113888
Japan,JP,JPN,2020,43560.021428549,84.56,32.3,8.39710520271501
Japan,JP,JPN,2021,45999.4617966896,84.4456097560976,NA,8.5947828493867
Japan,JP,JPN,2022,49245.964174373,83.9963414634146,NA,8.3956307081074
Japan,JP,JPN,2023,52726.2389417641,84.0412195121951,NA,8.05063579850566
"Korea, Rep.",KR,KOR,2015,39794.1961180043,82.0243902439024,NA,12.6198190502874
"Korea, Rep.",KR,KOR,2016,41672.6278317077,82.2756097560976,35.2,12.6677788190173
"Korea, Rep.",KR,KOR,2017,43155.9100867658,82.6268292682927,34.9,12.952944838832
"Korea, Rep.",KR,KOR,2018,45511.0803506331,82.6268292682927,33.7,13.1917269531809
"Korea, Rep.",KR,KOR,2019,46511.2196957018,83.2268292682927,33.2,12.6531894575046
"Korea, Rep.",KR,KOR,2020,47881.4921344193,83.4268292682927,32.7,11.9094442789339
"Korea, Rep.",KR,KOR,2021,51718.2518656631,83.5268292682927,32.9,12.3387268331673
"Korea, Rep.",KR,KOR,2022,55509.3368761174,82.6804878048781,NA,11.8737409785064
"Korea, Rep.",KR,KOR,2023,57429.8031076402,83.4292682926829,NA,11.4162657281001
Norway,NO,NOR,2015,62695.3563994725,82.3048780487805,27.5,9.24221086700149
Norway,NO,NOR,2016,61250.1783294516,82.4073170731707,28.5,9.04975223129384
Norway,NO,NOR,2017,66828.7790099243,82.609756097561,27,8.98402264330578
Norway,NO,NOR,2018,72618.1053391628,82.7585365853659,27.6,8.78033462878555
Norway,NO,NOR,2019,73630.0721860814,82.9585365853659,27.7,8.47933467666537
Norway,NO,NOR,2020,69779.2862630574,83.209756097561,28.4,8.12493784244745
Norway,NO,NOR,2021,92205.7698636049,83.1634146341463,29.1,8.21471362641264
Norway,NO,NOR,2022,129914.042717786,82.509756097561,26.9,7.9798582660803
Norway,NO,NOR,2023,107767.977198972,83.0121951219512,26.5,7.53753758650308
Qatar,QA,QAT,2015,102545.939634633,81.785,NA,48.6591283555913
Qatar,QA,QAT,2016,89934.692005072,82.147,NA,46.043357731359
Qatar,QA,QAT,2017,99358.3403307696,82.458,35.1,44.8208042988114
Qatar,QA,QAT,2018,110032.713236323,82.714,NA,44.520899868022
Qatar,QA,QAT,2019,107502.469793988,82.945,NA,44.592192164423
Qatar,QA,QAT,2020,82149.3573751713,80.409,NA,41.2780926421936
Qatar,QA,QAT,2021,116832.570294098,81.083,NA,47.2839742745248
Qatar,QA,QAT,2022,122901.018274888,81.857,NA,45.1959539884538
Qatar,QA,QAT,2023,129024.806992334,82.368,NA,48.6426368357008
South Africa,ZA,ZAF,2015,13397.5234813346,64.053,NA,8.14948651738695
South Africa,ZA,ZAF,2016,13519.3235102376,64.749,NA,8.03701551903542
South Africa,ZA,ZAF,2017,13738.4385854596,65.422,NA,8.14751418587147
South Africa,ZA,ZAF,2018,13347.3634826038,65.726,NA,8.077016906198
South Africa,ZA,ZAF,2019,13361.4851289112,66.071,NA,8.01412233375962
South Africa,ZA,ZAF,2020,12671.0862436851,65.15,NA,7.4445834618028
South Africa,ZA,ZAF,2021,13681.9548144813,62.01,NA,7.29340675223128
South Africa,ZA,ZAF,2022,14746.7103701698,65.454,54.1,6.88263936192025
South Africa,ZA,ZAF,2023,15212.2609596178,66.139,NA,6.75922774879049
United States,US,USA,2015,56849.4697923159,78.690243902439,41.5,15.9501022949136
United States,US,USA,2016,57976.628204291,78.5390243902439,41.3,15.5045482189269
United States,US,USA,2017,60047.7190728307,78.5390243902439,41.4,15.1847127213968
United States,US,USA,2018,62875.6661382728,78.6390243902439,41.8,15.5796456645972
United States,US,USA,2019,65227.9565911038,78.7878048780488,41.9,15.0439662080505
United States,US,USA,2020,64465.2971415748,76.9804878048781,40,13.4715665664099
United States,US,USA,2021,71441.231980595,76.3292682926829,39.7,14.3160979329351
United States,US,USA,2022,78008.6895811877,77.4341463414634,41.7,14.4186221294233
United States,US,USA,2023,82586.7847707891,78.3853658536585,41.8,13.7140258849034
Viet Nam,VN,VNM,2015,7671.5819778084,73.955,NA,2.16344818077591
Viet Nam,VN,VNM,2016,8374.50684516118,73.984,35.3,2.38090235568537
Viet Nam,VN,VNM,2017,9169.73192052855,74.026,NA,2.40871172027244
Viet Nam,VN,VNM,2018,10009.9714756006,74.1,35.7,2.93126723532271
Viet Nam,VN,VNM,2019,11029.2732083963,74.211,NA,3.46316479458409
Viet Nam,VN,VNM,2020,11609.3177276423,75.383,36.8,3.5515331687432
Viet Nam,VN,VNM,2021,12048.9019935536,74.145,NA,3.39788716841419
Viet Nam,VN,VNM,2022,13902.9499867089,74.502,36.1,3.45101965872917
Viet Nam,VN,VNM,2023,15033.899969483,74.588,NA,3.89354026267807
